epoch,train_loss,val_loss,train_mlm_acc,val_mlm_acc
1,3.542377,2.811335,0.2065,0.2585
2,2.643270,2.716302,0.2873,0.2709
3,2.645028,2.639274,0.2808,0.2830
4,2.544951,2.664655,0.2971,0.2783
5,2.593996,2.661840,0.2892,0.2786
